,datetime,open,high,low,close,volume,adj_close
2020-01-01 00:00:00,1577829600000,128.88,129.41,128.5,129.05,5937.2345,129.05
2020-01-01 01:00:00,1577833200000,129.05,129.46,128.84,129.16,2981.11523,129.16
2020-01-01 02:00:00,1577836800000,129.16,129.19,128.68,128.87,7769.17336,128.87
2020-01-01 03:00:00,1577840400000,128.87,130.65,128.78,130.64,11344.65516,130.64
2020-01-01 04:00:00,1577844000000,130.63,130.98,130.35,130.85,7603.35623,130.85
2020-01-01 05:00:00,1577847600000,130.85,130.89,129.94,130.2,4968.55433,130.2
2020-01-01 06:00:00,1577851200000,130.21,130.74,130.15,130.2,3397.90747,130.2
2020-01-01 07:00:00,1577854800000,130.2,130.47,130.11,130.3,4243.6064,130.3
2020-01-01 08:00:00,1577858400000,130.31,130.75,130.26,130.44,3668.90166,130.44
2020-01-01 09:00:00,1577862000000,130.47,130.71,130.14,130.24,4147.17413,130.24
2020-01-01 10:00:00,1577865600000,130.24,130.41,129.87,130.36,7541.44497,130.36
2020-01-01 11:00:00,1577869200000,130.4,130.62,130.13,130.17,4808.20496,130.17
2020-01-01 12:00:00,1577872800000,130.17,130.82,130.07,130.7,4625.5017,130.7
2020-01-01 13:00:00,1577876400000,130.67,131.87,130.6,130.74,10847.79032,130.74
2020-01-01 14:00:00,1577880000000,130.74,131.61,130.7,131.61,4163.30667,131.61
2020-01-01 15:00:00,1577883600000,131.6,131.9,131.28,131.68,7160.65302,131.68
2020-01-01 16:00:00,1577887200000,131.66,132.37,131.24,131.96,7325.25762,131.96
2020-01-01 17:00:00,1577890800000,131.95,132.4,131.6,132.08,5361.06926,132.08
2020-01-01 18:00:00,1577894400000,132.08,132.95,131.78,132.85,6915.20906,132.85
2020-01-01 19:00:00,1577898000000,132.86,133.05,132.27,132.34,5424.00732,132.34
2020-01-01 20:00:00,1577901600000,132.34,132.46,131.57,132.04,5707.7934,132.04
2020-01-01 21:00:00,1577905200000,132.04,132.16,131.62,131.86,2111.21443,131.86
2020-01-01 22:00:00,1577908800000,131.86,132.25,131.7,132.18,2014.79285,132.18
2020-01-01 23:00:00,1577912400000,132.17,132.37,131.68,131.78,4879.42025,131.78
2020-01-02 00:00:00,1577916000000,131.82,131.82,129.9,130.27,14876.06749,130.27
2020-01-02 01:00:00,1577919600000,130.28,130.87,129.74,130.77,3865.45991,130.77
2020-01-02 02:00:00,1577923200000,130.72,130.78,130.27,130.67,3772.6667,130.67
2020-01-02 03:00:00,1577926800000,130.66,130.67,130.12,130.15,3684.51912,130.15
2020-01-02 04:00:00,1577930400000,130.14,130.16,128.89,129.72,19078.42209,129.72
2020-01-02 05:00:00,1577934000000,129.71,129.71,128.77,129.1,11950.18634,129.1
2020-01-02 06:00:00,1577937600000,129.09,129.87,128.69,129.55,8931.67759,129.55
2020-01-02 07:00:00,1577941200000,129.57,129.75,129.3,129.63,7276.74256,129.63
2020-01-02 08:00:00,1577944800000,129.6,129.99,129.15,129.42,4823.43405,129.42
2020-01-02 09:00:00,1577948400000,129.43,129.67,128.96,129.26,6548.36046,129.26
2020-01-02 10:00:00,1577952000000,129.23,130.27,129.21,130.21,7205.6708,130.21
2020-01-02 11:00:00,1577955600000,130.21,130.21,129.57,129.98,5828.65169,129.98
2020-01-02 12:00:00,1577959200000,129.97,130.28,129.66,129.72,8014.34789,129.72
2020-01-02 13:00:00,1577962800000,129.73,129.94,129.44,129.53,4293.24985,129.53
2020-01-02 14:00:00,1577966400000,129.52,129.99,129.52,129.96,3718.46074,129.96
2020-01-02 15:00:00,1577970000000,129.97,130.01,128.9,129.35,8547.00635,129.35
2020-01-02 16:00:00,1577973600000,129.34,129.86,129.21,129.37,5538.92471,129.37
2020-01-02 17:00:00,1577977200000,129.37,129.8,129.36,129.59,5352.62034,129.59
2020-01-02 18:00:00,1577980800000,129.58,129.78,126.94,127.6,32996.89479,127.6
2020-01-02 19:00:00,1577984400000,127.6,127.68,126.38,127.4,40429.91193,127.4
2020-01-02 20:00:00,1577988000000,127.42,127.75,127.13,127.49,7360.65888,127.49
2020-01-02 21:00:00,1577991600000,127.49,127.67,127.08,127.62,4747.08642,127.62
2020-01-02 22:00:00,1577995200000,127.63,127.64,126.79,127.16,5796.42079,127.16
2020-01-02 23:00:00,1577998800000,127.16,127.87,127.15,127.72,2225.95265,127.72
2020-01-03 00:00:00,1578002400000,127.72,127.76,127.24,127.39,2654.51024,127.39
2020-01-03 01:00:00,1578006000000,127.39,127.48,126.91,127.19,2980.68108,127.19
2020-01-03 02:00:00,1578009600000,127.19,127.6,126.82,127.07,7303.34389,127.07
2020-01-03 03:00:00,1578013200000,127.07,127.17,125.88,126.04,12202.68649,126.04
2020-01-03 04:00:00,1578016800000,126.04,127.08,125.9,126.92,14356.43191,126.92
2020-01-03 05:00:00,1578020400000,126.94,127.11,126.65,126.89,6279.7682,126.89
2020-01-03 06:00:00,1578024000000,126.89,130.15,126.83,129.3,47219.15382,129.3
2020-01-03 07:00:00,1578027600000,129.23,129.97,128.76,129.21,13556.58641,129.21
2020-01-03 08:00:00,1578031200000,129.24,129.35,128.76,129.17,9731.33188,129.17
2020-01-03 09:00:00,1578034800000,129.18,129.53,128.72,128.86,16992.05519,128.86
2020-01-03 10:00:00,1578038400000,128.86,133.26,128.8,132.15,74641.9522,132.15
2020-01-03 11:00:00,1578042000000,132.2,132.87,131.71,132.35,26464.25904,132.35
2020-01-03 12:00:00,1578045600000,132.36,132.72,131.58,132.04,10333.20316,132.04
2020-01-03 13:00:00,1578049200000,132.03,132.63,131.92,132.46,6848.31903,132.46
2020-01-03 14:00:00,1578052800000,132.49,132.83,131.85,132.23,13842.74842,132.23
2020-01-03 15:00:00,1578056400000,132.23,133.95,132.23,133.54,14278.62513,133.54
2020-01-03 16:00:00,1578060000000,133.51,133.85,130.93,131.68,22358.209,131.68
2020-01-03 17:00:00,1578063600000,131.68,132.57,131.59,132.53,7514.12682,132.53
2020-01-03 18:00:00,1578067200000,132.52,133.75,131.94,133.51,23716.09017,133.51
2020-01-03 19:00:00,1578070800000,133.44,134.9,132.66,133.97,23183.54673,133.97
2020-01-03 20:00:00,1578074400000,134.0,134.22,133.24,133.5,9525.09437,133.5
2020-01-03 21:00:00,1578078000000,133.5,133.59,132.21,133.49,13761.61369,133.49
2020-01-03 22:00:00,1578081600000,133.48,134.05,133.01,133.45,8673.15909,133.45
2020-01-03 23:00:00,1578085200000,133.48,133.93,132.29,132.5,8141.62621,132.5
2020-01-04 00:00:00,1578088800000,132.45,133.37,132.16,133.04,6493.87391,133.04
2020-01-04 01:00:00,1578092400000,133.04,135.14,132.9,134.35,15637.38419,134.35
2020-01-04 02:00:00,1578096000000,134.37,134.81,133.44,133.7,11609.95948,133.7
2020-01-04 03:00:00,1578099600000,133.71,133.71,132.79,133.01,7514.41101,133.01
2020-01-04 04:00:00,1578103200000,133.01,133.48,132.8,133.47,5970.26181,133.47
2020-01-04 05:00:00,1578106800000,133.47,133.54,133.18,133.34,4705.93094,133.34
2020-01-04 06:00:00,1578110400000,133.34,133.91,133.0,133.67,8118.69367,133.67
2020-01-04 07:00:00,1578114000000,133.68,134.11,133.4,133.66,5335.12784,133.66
2020-01-04 08:00:00,1578117600000,133.67,134.25,133.62,133.95,4892.57246,133.95
2020-01-04 09:00:00,1578121200000,133.92,134.31,133.41,133.91,6023.01492,133.91
2020-01-04 10:00:00,1578124800000,133.9,134.14,133.52,133.6,3244.59618,133.6
2020-01-04 11:00:00,1578128400000,133.61,134.15,133.41,134.13,6704.48768,134.13
2020-01-04 12:00:00,1578132000000,134.11,134.18,133.24,133.4,7592.59385,133.4
2020-01-04 13:00:00,1578135600000,133.4,133.82,133.07,133.77,6376.83156,133.77
2020-01-04 14:00:00,1578139200000,133.76,133.79,132.5,132.79,7795.94074,132.79
2020-01-04 15:00:00,1578142800000,132.81,133.25,132.59,132.9,8563.05035,132.9
2020-01-04 16:00:00,1578146400000,132.9,133.33,132.83,133.06,6020.55767,133.06
2020-01-04 17:00:00,1578150000000,133.06,133.66,132.94,133.26,6858.1761,133.26
2020-01-04 18:00:00,1578153600000,133.26,133.48,132.96,133.09,5885.12486,133.09
2020-01-04 19:00:00,1578157200000,133.12,134.86,133.04,134.6,13659.98877,134.6
2020-01-04 20:00:00,1578160800000,134.6,135.85,132.8,133.51,29686.80575,133.51
2020-01-04 21:00:00,1578164400000,133.5,134.27,133.07,133.72,10640.63681,133.72
2020-01-04 22:00:00,1578168000000,133.71,134.2,133.44,134.08,5274.03807,134.08
2020-01-04 23:00:00,1578171600000,134.09,134.54,133.68,134.12,6182.56587,134.12
2020-01-05 00:00:00,1578175200000,134.11,134.37,133.8,134.1,2829.43607,134.1
2020-01-05 01:00:00,1578178800000,134.14,134.4,133.77,134.2,2791.36856,134.2
2020-01-05 02:00:00,1578182400000,134.2,135.24,134.19,134.76,11892.25333,134.76
2020-01-05 03:00:00,1578186000000,134.76,135.83,134.71,135.65,17758.63532,135.65
2020-01-05 04:00:00,1578189600000,135.64,136.0,135.15,135.46,8724.85945,135.46
2020-01-05 05:00:00,1578193200000,135.47,136.2,135.45,136.16,10456.05953,136.16
2020-01-05 06:00:00,1578196800000,136.17,137.24,135.62,135.91,21424.0596,135.91
2020-01-05 07:00:00,1578200400000,135.91,136.45,135.64,136.19,6916.99731,136.19
2020-01-05 08:00:00,1578204000000,136.17,136.59,135.86,136.11,5316.16735,136.11
2020-01-05 09:00:00,1578207600000,136.1,136.31,135.82,136.02,3628.84145,136.02
2020-01-05 10:00:00,1578211200000,136.04,136.24,135.0,135.38,7865.26322,135.38
2020-01-05 11:00:00,1578214800000,135.42,135.62,134.94,135.32,8754.17141,135.32
2020-01-05 12:00:00,1578218400000,135.32,135.49,134.7,134.88,8272.3728,134.88
2020-01-05 13:00:00,1578222000000,134.88,135.37,134.77,135.07,8530.27964,135.07
2020-01-05 14:00:00,1578225600000,135.06,135.97,135.06,135.91,6019.08852,135.91
2020-01-05 15:00:00,1578229200000,135.95,135.95,135.24,135.6,4724.5751,135.6
2020-01-05 16:00:00,1578232800000,135.61,135.94,135.51,135.58,4658.82586,135.58
2020-01-05 17:00:00,1578236400000,135.57,137.96,135.51,137.26,26839.73945,137.26
2020-01-05 18:00:00,1578240000000,137.24,138.16,136.64,137.16,19498.64267,137.16
2020-01-05 19:00:00,1578243600000,137.12,138.19,136.77,137.8,9651.65614,137.8
2020-01-05 20:00:00,1578247200000,137.8,138.04,136.89,137.79,10517.28965,137.79
2020-01-05 21:00:00,1578250800000,137.8,138.0,137.36,137.97,5636.7562,137.97
2020-01-05 22:00:00,1578254400000,137.97,138.06,137.45,137.85,4709.67526,137.85
2020-01-05 23:00:00,1578258000000,137.85,137.86,135.0,135.37,22064.65358,135.37
2020-01-06 00:00:00,1578261600000,135.37,135.94,134.33,135.04,10623.54302,135.04
2020-01-06 01:00:00,1578265200000,135.03,135.48,134.21,135.37,9636.04757,135.37
2020-01-06 02:00:00,1578268800000,135.37,135.74,134.86,135.65,5948.6197,135.65
2020-01-06 03:00:00,1578272400000,135.69,137.58,135.39,137.22,13306.26406,137.22
2020-01-06 04:00:00,1578276000000,137.21,139.53,137.17,139.15,39940.77815,139.15
2020-01-06 05:00:00,1578279600000,139.13,139.67,138.27,139.49,22249.59753,139.49
2020-01-06 06:00:00,1578283200000,139.49,140.0,139.07,139.42,12831.63843,139.42
2020-01-06 07:00:00,1578286800000,139.4,139.6,138.54,139.16,6570.29396,139.16
2020-01-06 08:00:00,1578290400000,139.16,139.29,138.83,138.9,5477.49784,138.9
2020-01-06 09:00:00,1578294000000,138.93,139.16,138.78,138.87,7014.90545,138.87
2020-01-06 10:00:00,1578297600000,138.87,140.86,138.81,140.65,22173.50521,140.65
2020-01-06 11:00:00,1578301200000,140.54,140.86,139.75,140.83,15646.11827,140.83
2020-01-06 12:00:00,1578304800000,140.84,142.56,140.58,141.97,24296.74144,141.97
2020-01-06 13:00:00,1578308400000,141.98,143.06,140.84,141.54,24949.02496,141.54
2020-01-06 14:00:00,1578312000000,141.54,142.67,141.44,142.3,16279.87263,142.3
2020-01-06 15:00:00,1578315600000,142.3,143.22,139.08,140.24,44834.70568,140.24
2020-01-06 16:00:00,1578319200000,140.23,141.53,139.65,141.11,25738.22786,141.11
2020-01-06 17:00:00,1578322800000,141.11,141.44,140.1,140.2,15072.65783,140.2
2020-01-06 18:00:00,1578326400000,140.19,141.42,140.0,140.68,13978.12653,140.68
2020-01-06 19:00:00,1578330000000,140.67,141.85,140.54,141.81,10471.59008,141.81
2020-01-06 20:00:00,1578333600000,141.81,141.86,140.68,141.09,6346.02409,141.09
2020-01-06 21:00:00,1578337200000,141.06,141.6,140.86,141.35,4744.31111,141.35
2020-01-06 22:00:00,1578340800000,141.35,142.45,141.26,142.17,7905.69914,142.17
2020-01-06 23:00:00,1578344400000,142.17,142.56,141.51,141.67,9432.1885,141.67
2020-01-07 00:00:00,1578348000000,141.69,143.65,141.51,143.05,24253.04579,143.05
2020-01-07 01:00:00,1578351600000,143.05,144.41,142.52,144.15,28558.83951,144.15
2020-01-07 02:00:00,1578355200000,144.14,145.31,143.16,143.77,47783.52094,143.77
2020-01-07 03:00:00,1578358800000,143.76,144.16,143.36,143.83,14921.4287,143.83
2020-01-07 04:00:00,1578362400000,143.85,144.88,143.82,143.98,14591.56948,143.98
2020-01-07 05:00:00,1578366000000,143.97,144.41,143.48,143.5,7255.17955,143.5
2020-01-07 06:00:00,1578369600000,143.5,143.62,142.15,142.49,15652.73032,142.49
2020-01-07 07:00:00,1578373200000,142.48,143.12,142.18,142.97,9474.7473,142.97
2020-01-07 08:00:00,1578376800000,142.99,143.13,142.53,142.85,6027.03116,142.85
2020-01-07 09:00:00,1578380400000,142.83,143.1,142.38,142.87,11829.13837,142.87
2020-01-07 10:00:00,1578384000000,142.87,143.38,142.81,143.16,12507.15166,143.16
2020-01-07 11:00:00,1578387600000,143.17,143.47,142.5,142.55,10159.06999,142.55
2020-01-07 12:00:00,1578391200000,142.57,142.93,142.45,142.88,6861.21609,142.88
2020-01-07 13:00:00,1578394800000,142.9,143.78,142.6,142.62,16297.3909,142.62
2020-01-07 14:00:00,1578398400000,142.62,142.66,140.72,141.13,32223.76934,141.13
2020-01-07 15:00:00,1578402000000,141.12,141.27,140.11,140.93,18342.12088,140.93
2020-01-07 16:00:00,1578405600000,140.93,141.34,140.51,140.8,9773.35414,140.8
2020-01-07 17:00:00,1578409200000,140.77,140.82,139.0,139.48,25384.66659,139.48
2020-01-07 18:00:00,1578412800000,139.48,141.9,138.76,141.38,35147.7938,141.38
2020-01-07 19:00:00,1578416400000,141.35,142.93,141.08,142.72,21092.57919,142.72
2020-01-07 20:00:00,1578420000000,142.7,143.5,142.39,142.43,28405.61455,142.43
2020-01-07 21:00:00,1578423600000,142.44,144.3,142.39,143.19,35815.9373,143.19
2020-01-07 22:00:00,1578427200000,143.19,144.77,142.97,144.76,20430.28442,144.76
2020-01-07 23:00:00,1578430800000,144.73,145.0,141.99,142.46,20839.91095,142.46
2020-01-08 00:00:00,1578434400000,142.46,143.01,141.31,142.19,15259.41746,142.19
2020-01-08 01:00:00,1578438000000,142.19,143.9,142.19,142.8,11686.54973,142.8
2020-01-08 02:00:00,1578441600000,142.8,147.77,142.71,147.55,58326.91123,147.55
2020-01-08 03:00:00,1578445200000,147.47,147.77,145.31,145.61,48623.69194,145.61
2020-01-08 04:00:00,1578448800000,145.65,146.42,144.13,144.54,28638.99587,144.54
2020-01-08 05:00:00,1578452400000,144.53,145.12,143.68,144.48,23570.19788,144.48
2020-01-08 06:00:00,1578456000000,144.54,145.22,144.54,145.03,15804.67588,145.03
2020-01-08 07:00:00,1578459600000,145.01,145.25,144.55,144.8,10608.28447,144.8
2020-01-08 08:00:00,1578463200000,144.8,145.21,144.6,145.11,13022.09262,145.11
2020-01-08 09:00:00,1578466800000,145.12,145.18,142.68,143.56,24417.21834,143.56
2020-01-08 10:00:00,1578470400000,143.53,144.05,142.97,143.87,14045.60087,143.87
2020-01-08 11:00:00,1578474000000,143.87,144.03,143.0,143.31,10140.50381,143.31
2020-01-08 12:00:00,1578477600000,143.31,144.5,143.04,143.89,9271.76146,143.89
2020-01-08 13:00:00,1578481200000,143.9,144.43,143.43,143.5,7838.99329,143.5
2020-01-08 14:00:00,1578484800000,143.52,143.69,142.11,142.36,16368.85049,142.36
2020-01-08 15:00:00,1578488400000,142.4,143.48,140.51,143.06,40422.56992,143.06
2020-01-08 16:00:00,1578492000000,143.05,143.07,140.87,142.05,25671.61713,142.05
2020-01-08 17:00:00,1578495600000,142.06,142.35,140.39,141.42,25690.24678,141.42
2020-01-08 18:00:00,1578499200000,141.42,141.91,138.0,138.81,69385.91348,138.81
2020-01-08 19:00:00,1578502800000,138.85,139.41,137.71,138.78,32496.93266,138.78
2020-01-08 20:00:00,1578506400000,138.78,140.0,138.54,139.36,14386.36768,139.36
2020-01-08 21:00:00,1578510000000,139.39,139.71,137.84,137.84,19112.05962,137.84
2020-01-08 22:00:00,1578513600000,137.89,139.56,137.03,139.14,31660.10154,139.14
2020-01-08 23:00:00,1578517200000,139.14,139.74,138.56,139.18,11158.10655,139.18
2020-01-09 00:00:00,1578520800000,139.19,140.59,138.6,140.48,8530.37446,140.48
2020-01-09 01:00:00,1578524400000,140.45,141.5,140.02,140.72,11273.50967,140.72
2020-01-09 02:00:00,1578528000000,140.76,140.79,139.5,139.89,16280.92833,139.89
2020-01-09 03:00:00,1578531600000,139.91,141.5,139.68,140.97,12232.6795,140.97
2020-01-09 04:00:00,1578535200000,140.96,141.1,140.28,140.4,7718.66884,140.4
2020-01-09 05:00:00,1578538800000,140.4,140.41,139.43,139.94,11812.87134,139.94
2020-01-09 06:00:00,1578542400000,139.96,140.39,139.57,139.98,8503.78508,139.98
2020-01-09 07:00:00,1578546000000,139.95,139.97,138.69,139.16,12333.27252,139.16
2020-01-09 08:00:00,1578549600000,139.17,139.77,138.72,139.41,12148.23288,139.41
2020-01-09 09:00:00,1578553200000,139.4,140.23,139.23,139.93,13077.66682,139.93
2020-01-09 10:00:00,1578556800000,139.91,140.06,139.03,139.35,8794.50181,139.35
2020-01-09 11:00:00,1578560400000,139.34,139.35,137.99,138.28,22684.45365,138.28
2020-01-09 12:00:00,1578564000000,138.27,139.15,137.68,138.89,14200.3102,138.89
2020-01-09 13:00:00,1578567600000,138.87,138.88,137.75,138.24,10152.71299,138.24
2020-01-09 14:00:00,1578571200000,138.24,138.62,137.93,138.46,8019.8767,138.46
2020-01-09 15:00:00,1578574800000,138.46,138.93,138.2,138.24,11684.54092,138.24
2020-01-09 16:00:00,1578578400000,138.26,138.66,137.75,137.81,10756.65226,137.81
2020-01-09 17:00:00,1578582000000,137.81,138.66,137.79,138.2,7752.26675,138.2
2020-01-09 18:00:00,1578585600000,138.19,138.49,135.3,135.92,35923.30995,135.92
2020-01-09 19:00:00,1578589200000,135.91,136.42,135.6,136.04,19806.3287,136.04
2020-01-09 20:00:00,1578592800000,136.04,136.32,135.66,135.93,9925.73244,135.93
2020-01-09 21:00:00,1578596400000,135.92,138.06,135.86,137.54,20574.38421,137.54
2020-01-09 22:00:00,1578600000000,137.52,139.33,137.31,137.75,46642.30602,137.75
2020-01-09 23:00:00,1578603600000,137.73,137.89,136.63,136.99,17218.50048,136.99
2020-01-10 00:00:00,1578607200000,136.99,138.06,136.8,137.63,10167.28397,137.63
2020-01-10 01:00:00,1578610800000,137.63,138.47,136.06,137.74,17664.79933,137.74
2020-01-10 02:00:00,1578614400000,137.73,137.98,137.05,137.16,9709.52399,137.16
2020-01-10 03:00:00,1578618000000,137.17,137.42,136.72,136.9,5651.20419,136.9
2020-01-10 04:00:00,1578621600000,136.91,137.18,136.42,136.54,7727.91107,136.54
2020-01-10 05:00:00,1578625200000,136.55,136.98,136.32,136.98,8204.96574,136.98
2020-01-10 06:00:00,1578628800000,136.99,137.14,136.02,136.4,8244.33068,136.4
2020-01-10 07:00:00,1578632400000,136.37,136.47,135.32,135.78,11173.77625,135.78
2020-01-10 08:00:00,1578636000000,135.81,136.73,135.69,136.62,13302.71655,136.62
2020-01-10 09:00:00,1578639600000,136.6,136.68,136.17,136.63,6676.59405,136.63
2020-01-10 10:00:00,1578643200000,136.62,136.64,135.49,136.06,10714.91578,136.06
2020-01-10 11:00:00,1578646800000,136.06,136.4,135.79,136.02,11143.16559,136.02
2020-01-10 12:00:00,1578650400000,136.04,136.82,135.34,136.82,16882.53094,136.82
2020-01-10 13:00:00,1578654000000,136.82,139.03,136.77,138.43,31743.20849,138.43
2020-01-10 14:00:00,1578657600000,138.42,139.88,138.05,139.86,18913.1174,139.86
2020-01-10 15:00:00,1578661200000,139.83,139.95,138.7,138.78,16366.80382,138.78
2020-01-10 16:00:00,1578664800000,138.76,140.29,138.65,140.22,22059.08327,140.22
2020-01-10 17:00:00,1578668400000,140.24,143.0,139.84,142.51,42427.16682,142.51
2020-01-10 18:00:00,1578672000000,142.53,143.62,140.75,141.1,43218.1093,141.1
2020-01-10 19:00:00,1578675600000,141.1,142.04,140.62,141.99,17667.36001,141.99
2020-01-10 20:00:00,1578679200000,141.98,145.17,141.98,142.64,44568.43173,142.64
2020-01-10 21:00:00,1578682800000,142.64,144.7,142.4,143.42,22752.04714,143.42
2020-01-10 22:00:00,1578686400000,143.42,144.04,143.06,143.21,10825.80028,143.21
2020-01-10 23:00:00,1578690000000,143.19,143.9,142.64,142.88,10474.4309,142.88
2020-01-11 00:00:00,1578693600000,142.89,143.1,141.6,142.88,6732.22459,142.88
2020-01-11 01:00:00,1578697200000,142.92,145.0,142.63,144.84,12224.17649,144.84
2020-01-11 02:00:00,1578700800000,144.83,144.9,143.24,143.55,14813.47494,143.55
2020-01-11 03:00:00,1578704400000,143.56,145.33,143.51,144.14,23913.63931,144.14
2020-01-11 04:00:00,1578708000000,144.15,144.5,143.32,143.85,12184.59213,143.85
2020-01-11 05:00:00,1578711600000,143.84,143.87,142.8,143.47,9694.13301,143.47
2020-01-11 06:00:00,1578715200000,143.47,144.05,142.82,143.2,6921.80782,143.2
2020-01-11 07:00:00,1578718800000,143.2,143.2,142.2,142.89,8562.37493,142.89
2020-01-11 08:00:00,1578722400000,142.9,143.6,142.09,142.89,10331.48125,142.89
2020-01-11 09:00:00,1578726000000,142.88,143.8,142.76,142.93,14563.75914,142.93
2020-01-11 10:00:00,1578729600000,142.93,143.39,142.53,142.75,9212.42225,142.75
2020-01-11 11:00:00,1578733200000,142.75,144.0,142.69,143.79,13258.51535,143.79
2020-01-11 12:00:00,1578736800000,143.77,143.79,142.75,142.89,13706.11088,142.89
2020-01-11 13:00:00,1578740400000,142.9,143.33,142.36,142.63,11748.76348,142.63
2020-01-11 14:00:00,1578744000000,142.63,142.94,142.1,142.71,5180.67862,142.71
2020-01-11 15:00:00,1578747600000,142.71,143.69,142.5,143.55,8592.37093,143.55
2020-01-11 16:00:00,1578751200000,143.55,143.72,142.53,142.54,11918.92787,142.54
2020-01-11 17:00:00,1578754800000,142.58,143.62,142.36,143.41,10307.37428,143.41
2020-01-11 18:00:00,1578758400000,143.41,146.8,142.6,146.34,42796.01436,146.34
2020-01-11 19:00:00,1578762000000,146.4,148.05,145.78,146.53,32709.00396,146.53
2020-01-11 20:00:00,1578765600000,146.53,147.11,145.8,146.64,12923.1563,146.64
2020-01-11 21:00:00,1578769200000,146.66,147.11,145.84,146.29,8259.9564,146.29
2020-01-11 22:00:00,1578772800000,146.27,147.09,145.19,145.89,11781.52643,145.89
2020-01-11 23:00:00,1578776400000,145.87,147.65,143.0,143.86,30934.79995,143.86
2020-01-12 00:00:00,1578780000000,143.79,144.23,142.23,143.36,20039.09933,143.36
2020-01-12 01:00:00,1578783600000,143.36,143.4,142.31,142.38,23996.59647,142.38
2020-01-12 02:00:00,1578787200000,142.4,143.65,141.76,143.23,19069.1292,143.23
2020-01-12 03:00:00,1578790800000,143.22,143.95,142.88,143.28,14120.21344,143.28
2020-01-12 04:00:00,1578794400000,143.28,144.5,143.03,144.1,11492.30955,144.1
2020-01-12 05:00:00,1578798000000,144.1,144.46,143.51,143.93,6139.199,143.93
2020-01-12 06:00:00,1578801600000,143.97,144.21,143.36,143.59,4608.37486,143.59
2020-01-12 07:00:00,1578805200000,143.59,144.15,143.48,144.1,5655.03547,144.1
2020-01-12 08:00:00,1578808800000,144.1,145.88,144.1,144.26,23757.78825,144.26
2020-01-12 09:00:00,1578812400000,144.25,144.92,144.24,144.54,8205.55258,144.54
2020-01-12 10:00:00,1578816000000,144.55,145.4,144.5,144.83,9116.08466,144.83
2020-01-12 11:00:00,1578819600000,144.86,145.07,144.12,144.41,6748.69594,144.41
2020-01-12 12:00:00,1578823200000,144.39,144.43,143.2,143.55,11627.31016,143.55
2020-01-12 13:00:00,1578826800000,143.51,143.8,143.3,143.48,6078.44462,143.48
2020-01-12 14:00:00,1578830400000,143.48,144.21,143.36,143.67,8950.86017,143.67
2020-01-12 15:00:00,1578834000000,143.7,145.28,143.33,145.17,11179.11562,145.17
2020-01-12 16:00:00,1578837600000,145.13,145.4,143.68,144.2,11165.36221,144.2
2020-01-12 17:00:00,1578841200000,144.19,145.17,144.11,144.92,8180.47686,144.92
2020-01-12 18:00:00,1578844800000,144.93,145.55,143.8,143.95,15130.99407,143.95
2020-01-12 19:00:00,1578848400000,143.95,145.61,143.57,144.18,15711.82027,144.18
2020-01-12 20:00:00,1578852000000,144.24,144.76,144.2,144.63,7171.97563,144.63
2020-01-12 21:00:00,1578855600000,144.64,145.0,144.28,144.46,4485.31931,144.46
2020-01-12 22:00:00,1578859200000,144.46,144.93,144.39,144.74,4168.0006,144.74
2020-01-12 23:00:00,1578862800000,144.74,144.84,144.31,144.43,2034.80402,144.43
2020-01-13 00:00:00,1578866400000,144.4,145.49,144.37,145.43,4389.65053,145.43
2020-01-13 01:00:00,1578870000000,145.44,146.6,144.72,146.54,10355.34435,146.54
2020-01-13 02:00:00,1578873600000,146.56,147.0,144.69,144.99,15627.41136,144.99
2020-01-13 03:00:00,1578877200000,145.01,145.44,144.9,145.31,7643.31669,145.31
2020-01-13 04:00:00,1578880800000,145.31,145.52,142.57,142.92,20305.44113,142.92
2020-01-13 05:00:00,1578884400000,142.95,143.88,142.59,143.38,11996.84568,143.38
2020-01-13 06:00:00,1578888000000,143.39,144.03,143.04,143.85,5803.70533,143.85
2020-01-13 07:00:00,1578891600000,143.85,143.89,143.08,143.4,5109.85033,143.4
2020-01-13 08:00:00,1578895200000,143.4,143.73,142.27,142.42,10192.68534,142.42
2020-01-13 09:00:00,1578898800000,142.46,143.23,142.3,142.87,8216.14182,142.87
2020-01-13 10:00:00,1578902400000,142.88,143.64,142.54,143.62,8884.36442,143.62
2020-01-13 11:00:00,1578906000000,143.57,143.61,142.91,143.31,9593.21339,143.31
2020-01-13 12:00:00,1578909600000,143.28,144.44,143.0,143.97,14370.83589,143.97
2020-01-13 13:00:00,1578913200000,144.01,144.13,142.77,142.77,8257.92672,142.77
2020-01-13 14:00:00,1578916800000,142.76,143.3,142.61,143.16,10783.61538,143.16
2020-01-13 15:00:00,1578920400000,143.16,143.74,142.82,142.93,9374.28904,142.93
2020-01-13 16:00:00,1578924000000,142.93,143.15,142.6,142.91,5448.71405,142.91
2020-01-13 17:00:00,1578927600000,142.91,143.19,142.77,142.83,4411.01545,142.83
2020-01-13 18:00:00,1578931200000,142.83,143.5,142.55,143.45,7267.69425,143.45
2020-01-13 19:00:00,1578934800000,143.45,143.95,143.01,143.06,8893.64599,143.06
2020-01-13 20:00:00,1578938400000,143.05,143.36,142.91,143.34,3868.99537,143.34
2020-01-13 21:00:00,1578942000000,143.35,143.67,143.08,143.5,3686.44823,143.5
2020-01-13 22:00:00,1578945600000,143.5,144.43,143.42,144.42,8898.57732,144.42
2020-01-13 23:00:00,1578949200000,144.43,144.66,143.81,144.26,8089.20268,144.26
2020-01-14 00:00:00,1578952800000,144.27,144.36,143.84,143.87,3844.20229,143.87
2020-01-14 01:00:00,1578956400000,143.87,144.24,143.5,143.58,7428.4805,143.58
2020-01-14 02:00:00,1578960000000,143.58,145.8,143.51,145.36,27548.23233,145.36
2020-01-14 03:00:00,1578963600000,145.37,148.45,145.31,147.34,64133.38542,147.34
2020-01-14 04:00:00,1578967200000,147.4,147.52,146.45,147.2,21910.60418,147.2
2020-01-14 05:00:00,1578970800000,147.19,149.34,146.81,148.94,37682.60131,148.94
2020-01-14 06:00:00,1578974400000,148.94,150.74,148.91,149.12,50679.8315,149.12
2020-01-14 07:00:00,1578978000000,149.1,149.34,148.07,148.44,17645.97742,148.44
2020-01-14 08:00:00,1578981600000,148.42,149.11,148.0,148.96,16559.77698,148.96
2020-01-14 09:00:00,1578985200000,148.95,149.6,148.66,149.0,9687.96419,149.0
2020-01-14 10:00:00,1578988800000,149.0,149.58,148.93,149.31,14127.17427,149.31
2020-01-14 11:00:00,1578992400000,149.31,151.75,149.31,149.84,34312.1031,149.84
2020-01-14 12:00:00,1578996000000,149.84,150.6,149.44,150.48,17378.08578,150.48
2020-01-14 13:00:00,1578999600000,150.48,151.62,150.2,151.56,16971.43301,151.56
2020-01-14 14:00:00,1579003200000,151.56,153.33,150.75,151.09,67875.38427,151.09
2020-01-14 15:00:00,1579006800000,151.09,154.18,151.04,154.08,32047.5706,154.08
2020-01-14 16:00:00,1579010400000,154.08,157.56,153.1,155.87,86752.58325,155.87
2020-01-14 17:00:00,1579014000000,155.86,157.69,153.84,156.04,61404.3563,156.04
2020-01-14 18:00:00,1579017600000,155.89,159.3,153.09,159.2,88062.68537,159.2
2020-01-14 19:00:00,1579021200000,159.2,165.86,158.4,163.91,128174.63133,163.91
2020-01-14 20:00:00,1579024800000,163.93,171.7,162.03,165.61,146691.05934,165.61
2020-01-14 21:00:00,1579028400000,165.61,166.5,162.24,165.42,47033.69122,165.42
2020-01-14 22:00:00,1579032000000,165.42,165.54,162.99,163.49,31157.93151,163.49
2020-01-14 23:00:00,1579035600000,163.47,165.15,160.31,163.99,38178.3657,163.99
2020-01-15 00:00:00,1579039200000,164.0,166.27,163.74,163.84,19327.59266,163.84
2020-01-15 01:00:00,1579042800000,163.84,168.0,163.74,165.64,33133.29082,165.64
2020-01-15 02:00:00,1579046400000,165.6,171.98,163.16,169.27,106509.35241,169.27
2020-01-15 03:00:00,1579050000000,169.12,169.98,165.88,167.26,53783.40724,167.26
2020-01-15 04:00:00,1579053600000,167.27,168.04,166.7,166.96,25378.49195,166.96
2020-01-15 05:00:00,1579057200000,166.96,167.06,162.64,162.64,39131.07454,162.64
2020-01-15 06:00:00,1579060800000,162.63,163.44,160.27,160.55,46840.68615,160.55
2020-01-15 07:00:00,1579064400000,160.48,161.66,159.2,160.94,34912.3805,160.94
2020-01-15 08:00:00,1579068000000,160.94,163.8,160.84,163.17,19247.61482,163.17
2020-01-15 09:00:00,1579071600000,163.14,163.28,161.14,161.54,16863.61868,161.54
2020-01-15 10:00:00,1579075200000,161.48,162.76,161.0,161.96,12119.00024,161.96
2020-01-15 11:00:00,1579078800000,161.96,165.61,161.94,165.23,21633.30051,165.23
2020-01-15 12:00:00,1579082400000,165.29,167.8,164.3,167.24,38029.95615,167.24
2020-01-15 13:00:00,1579086000000,167.25,167.65,164.06,164.43,23805.392,164.43
2020-01-15 14:00:00,1579089600000,164.49,166.7,164.15,165.63,16963.05036,165.63
2020-01-15 15:00:00,1579093200000,165.61,168.92,165.57,168.25,26546.935,168.25
2020-01-15 16:00:00,1579096800000,168.25,168.63,164.14,165.76,44652.26889,165.76
2020-01-15 17:00:00,1579100400000,165.83,165.88,162.0,162.41,36121.89922,162.41
2020-01-15 18:00:00,1579104000000,162.41,165.11,160.52,164.15,38261.1472,164.15
2020-01-15 19:00:00,1579107600000,164.15,165.17,162.75,164.95,18352.89552,164.95
2020-01-15 20:00:00,1579111200000,164.94,165.2,163.32,163.67,15986.30995,163.67
2020-01-15 21:00:00,1579114800000,163.67,164.88,163.62,164.61,8177.65491,164.61
2020-01-15 22:00:00,1579118400000,164.62,166.85,163.91,166.32,20149.00057,166.32
2020-01-15 23:00:00,1579122000000,166.32,166.9,163.98,165.32,16517.69816,165.32
2020-01-16 00:00:00,1579125600000,165.35,166.9,164.73,166.72,13683.47778,166.72
2020-01-16 01:00:00,1579129200000,166.73,167.34,164.79,166.4,28021.19106,166.4
2020-01-16 02:00:00,1579132800000,166.4,167.4,162.48,163.95,37467.48307,163.95
2020-01-16 03:00:00,1579136400000,163.9,164.24,157.8,160.48,58986.69101,160.48
2020-01-16 04:00:00,1579140000000,160.47,161.64,159.41,160.29,17272.51321,160.29
2020-01-16 05:00:00,1579143600000,160.28,160.74,158.7,159.85,22306.89472,159.85
2020-01-16 06:00:00,1579147200000,159.87,161.17,159.28,160.39,16942.78869,160.39
2020-01-16 07:00:00,1579150800000,160.41,162.41,160.35,161.89,9388.87303,161.89
2020-01-16 08:00:00,1579154400000,161.91,162.6,161.3,162.19,8626.05801,162.19
2020-01-16 09:00:00,1579158000000,162.15,162.19,160.45,161.0,13437.30276,161.0
2020-01-16 10:00:00,1579161600000,161.0,161.96,160.29,161.24,11423.84983,161.24
2020-01-16 11:00:00,1579165200000,161.26,161.31,159.65,161.19,13353.4369,161.19
2020-01-16 12:00:00,1579168800000,161.19,162.5,160.2,162.49,17914.08594,162.49
2020-01-16 13:00:00,1579172400000,162.49,164.08,161.47,164.07,23911.68923,164.07
2020-01-16 14:00:00,1579176000000,164.01,165.62,162.18,162.58,30899.51003,162.58
2020-01-16 15:00:00,1579179600000,162.55,162.86,161.0,161.71,22006.48614,161.71
2020-01-16 16:00:00,1579183200000,161.7,162.3,160.2,162.28,16622.21111,162.28
2020-01-16 17:00:00,1579186800000,162.3,163.3,162.18,162.52,13119.63263,162.52
2020-01-16 18:00:00,1579190400000,162.51,163.62,160.65,161.95,24865.39484,161.95
2020-01-16 19:00:00,1579194000000,161.95,164.26,161.66,163.36,24548.94163,163.36
2020-01-16 20:00:00,1579197600000,163.38,164.2,162.54,163.35,9765.62636,163.35
2020-01-16 21:00:00,1579201200000,163.36,164.02,163.24,163.57,7087.67028,163.57
2020-01-16 22:00:00,1579204800000,163.56,165.67,163.5,165.56,14076.13853,165.56
2020-01-16 23:00:00,1579208400000,165.55,165.88,162.31,163.39,23700.39404,163.39
2020-01-17 00:00:00,1579212000000,163.4,164.38,162.83,164.14,8014.44161,164.14
2020-01-17 01:00:00,1579215600000,164.11,165.0,163.3,164.21,10432.75359,164.21
2020-01-17 02:00:00,1579219200000,164.24,165.25,162.14,163.78,23576.00106,163.78
2020-01-17 03:00:00,1579222800000,163.73,165.1,163.42,164.86,11699.01698,164.86
2020-01-17 04:00:00,1579226400000,165.01,167.23,164.6,165.67,28721.3465,165.67
2020-01-17 05:00:00,1579230000000,165.74,167.44,164.86,165.14,31402.92246,165.14
2020-01-17 06:00:00,1579233600000,165.14,166.76,164.85,166.66,19340.42443,166.66
2020-01-17 07:00:00,1579237200000,166.68,170.32,165.96,169.94,56439.19709,169.94
2020-01-17 08:00:00,1579240800000,169.99,171.39,167.58,168.04,63315.8889,168.04
2020-01-17 09:00:00,1579244400000,168.03,171.51,167.54,171.08,51386.93815,171.08
2020-01-17 10:00:00,1579248000000,171.08,174.81,169.86,171.66,75905.38108,171.66
2020-01-17 11:00:00,1579251600000,171.61,173.15,171.09,172.08,27659.43431,172.08
2020-01-17 12:00:00,1579255200000,172.08,172.65,169.66,170.78,41707.8277,170.78
2020-01-17 13:00:00,1579258800000,170.77,171.15,169.8,169.99,12251.72839,169.99
2020-01-17 14:00:00,1579262400000,169.98,170.24,167.25,168.02,33831.6629,168.02
2020-01-17 15:00:00,1579266000000,168.02,169.45,167.9,168.59,14160.86156,168.59
2020-01-17 16:00:00,1579269600000,168.61,168.63,165.13,166.29,34471.8647,166.29
2020-01-17 17:00:00,1579273200000,166.29,168.54,166.0,168.34,19141.7059,168.34
2020-01-17 18:00:00,1579276800000,168.31,171.39,167.6,170.04,49929.44516,170.04
2020-01-17 19:00:00,1579280400000,170.0,171.5,169.46,170.35,30525.99882,170.35
2020-01-17 20:00:00,1579284000000,170.35,173.25,170.25,172.37,30662.9181,172.37
2020-01-17 21:00:00,1579287600000,172.4,173.72,167.02,169.23,50728.737,169.23
2020-01-17 22:00:00,1579291200000,169.23,170.61,168.42,169.13,24272.77233,169.13
2020-01-17 23:00:00,1579294800000,169.08,171.48,169.01,171.32,7566.35793,171.32
2020-01-18 00:00:00,1579298400000,171.34,173.38,170.77,171.75,14094.84196,171.75
2020-01-18 01:00:00,1579302000000,171.84,172.5,169.85,169.85,14387.40512,169.85
2020-01-18 02:00:00,1579305600000,169.92,173.63,169.0,173.21,30280.41385,173.21
2020-01-18 03:00:00,1579309200000,173.25,173.69,171.5,172.6,23634.45401,172.6
2020-01-18 04:00:00,1579312800000,172.66,172.91,170.65,171.18,12319.63274,171.18
2020-01-18 05:00:00,1579316400000,171.21,172.38,170.61,171.93,14266.16008,171.93
2020-01-18 06:00:00,1579320000000,171.91,171.97,168.0,168.62,25084.73616,168.62
2020-01-18 07:00:00,1579323600000,168.62,169.59,167.05,168.09,31906.58605,168.09
2020-01-18 08:00:00,1579327200000,168.1,168.23,164.92,167.92,31893.74474,167.92
2020-01-18 09:00:00,1579330800000,167.95,169.15,166.82,168.07,19195.14057,168.07
2020-01-18 10:00:00,1579334400000,168.1,168.82,167.21,168.5,10929.18222,168.5
2020-01-18 11:00:00,1579338000000,168.49,170.11,168.13,169.35,14453.54467,169.35
2020-01-18 12:00:00,1579341600000,169.34,170.03,168.76,169.01,9888.94348,169.01
2020-01-18 13:00:00,1579345200000,169.01,169.14,167.86,169.07,8994.16593,169.07
2020-01-18 14:00:00,1579348800000,169.12,171.23,168.84,171.02,23974.26282,171.02
2020-01-18 15:00:00,1579352400000,171.03,176.01,170.13,174.17,83476.55558,174.17
2020-01-18 16:00:00,1579356000000,174.15,179.5,174.1,177.24,96012.15602,177.24
2020-01-18 17:00:00,1579359600000,177.34,178.5,173.59,175.53,63513.21267,175.53
2020-01-18 18:00:00,1579363200000,175.54,177.6,172.73,173.91,73606.73432,173.91
2020-01-18 19:00:00,1579366800000,173.91,175.27,173.1,174.89,28239.54338,174.89
2020-01-18 20:00:00,1579370400000,174.89,175.25,172.84,173.86,17193.54158,173.86
2020-01-18 21:00:00,1579374000000,173.87,175.07,173.52,174.97,13037.16202,174.97
2020-01-18 22:00:00,1579377600000,174.95,175.85,174.49,175.49,11534.53905,175.49
2020-01-18 23:00:00,1579381200000,175.5,176.88,175.43,176.62,7959.5153,176.62
2020-01-19 00:00:00,1579384800000,176.61,177.0,175.74,176.92,8913.18846,176.92
2020-01-19 01:00:00,1579388400000,176.93,177.04,173.87,174.14,28476.06412,174.14
2020-01-19 02:00:00,1579392000000,174.1,176.4,173.29,176.23,21662.80188,176.23
2020-01-19 03:00:00,1579395600000,176.23,178.05,174.0,175.33,50573.06147,175.33
2020-01-19 04:00:00,1579399200000,175.3,176.65,174.52,176.33,16030.19729,176.33
2020-01-19 05:00:00,1579402800000,176.33,177.75,176.05,176.25,13837.59683,176.25
2020-01-19 06:00:00,1579406400000,176.26,176.46,175.56,175.94,13528.04873,175.94
2020-01-19 07:00:00,1579410000000,175.89,176.59,175.16,176.12,11967.86335,176.12
2020-01-19 08:00:00,1579413600000,176.12,176.67,174.6,175.36,15925.06009,175.36
2020-01-19 09:00:00,1579417200000,175.32,176.9,174.6,176.55,17647.44702,176.55
2020-01-19 10:00:00,1579420800000,176.55,176.87,175.92,176.42,10043.6581,176.42
2020-01-19 11:00:00,1579424400000,176.45,177.3,174.8,175.5,21312.69357,175.5
2020-01-19 12:00:00,1579428000000,175.48,175.8,174.29,174.31,15486.60023,174.31
2020-01-19 13:00:00,1579431600000,174.31,174.39,164.0,166.62,128213.17088,166.62
2020-01-19 14:00:00,1579435200000,166.61,166.61,162.4,165.34,47832.6409,165.34
2020-01-19 15:00:00,1579438800000,165.4,165.41,161.66,164.38,33893.78514,164.38
2020-01-19 16:00:00,1579442400000,164.4,165.9,164.0,164.42,26268.37264,164.42
2020-01-19 17:00:00,1579446000000,164.43,165.32,163.49,164.81,29158.80125,164.81
2020-01-19 18:00:00,1579449600000,164.75,166.18,164.19,165.22,24500.70131,165.22
2020-01-19 19:00:00,1579453200000,165.17,165.52,164.63,165.13,12968.24974,165.13
2020-01-19 20:00:00,1579456800000,165.17,165.24,163.88,164.36,12728.14226,164.36
2020-01-19 21:00:00,1579460400000,164.33,165.19,163.9,164.92,17674.04716,164.92
2020-01-19 22:00:00,1579464000000,164.95,165.09,164.09,164.51,6747.19811,164.51
2020-01-19 23:00:00,1579467600000,164.52,166.08,164.11,165.81,25836.68129,165.81
2020-01-20 00:00:00,1579471200000,165.81,167.0,163.56,166.15,37583.89594,166.15
2020-01-20 01:00:00,1579474800000,166.11,167.5,165.62,166.79,13260.57086,166.79
2020-01-20 02:00:00,1579478400000,166.79,167.6,165.17,165.68,22472.41947,165.68
2020-01-20 03:00:00,1579482000000,165.71,166.5,165.2,165.42,10499.10347,165.42
2020-01-20 04:00:00,1579485600000,165.43,165.93,165.1,165.46,9430.21568,165.46
2020-01-20 05:00:00,1579489200000,165.44,165.78,165.25,165.66,5593.92538,165.66
2020-01-20 06:00:00,1579492800000,165.65,166.3,164.29,164.75,17949.81825,164.75
2020-01-20 07:00:00,1579496400000,164.76,165.76,164.74,165.66,7640.41402,165.66
2020-01-20 08:00:00,1579500000000,165.64,166.23,165.51,165.83,6940.10405,165.83
2020-01-20 09:00:00,1579503600000,165.8,166.4,165.21,165.63,10581.84899,165.63
2020-01-20 10:00:00,1579507200000,165.62,166.25,164.5,165.35,14489.17182,165.35
2020-01-20 11:00:00,1579510800000,165.35,165.65,164.28,164.65,11521.42588,164.65
2020-01-20 12:00:00,1579514400000,164.65,165.26,164.56,164.86,7779.40024,164.86
2020-01-20 13:00:00,1579518000000,164.9,165.16,161.88,163.04,24163.58696,163.04
2020-01-20 14:00:00,1579521600000,163.05,164.17,162.0,162.55,25738.47353,162.55
2020-01-20 15:00:00,1579525200000,162.53,165.05,161.24,164.02,30192.32452,164.02
2020-01-20 16:00:00,1579528800000,164.08,166.67,163.85,166.2,19719.48345,166.2
2020-01-20 17:00:00,1579532400000,166.2,167.04,165.58,166.83,18883.57175,166.83
2020-01-20 18:00:00,1579536000000,166.88,167.75,165.96,166.88,23619.28156,166.88
2020-01-20 19:00:00,1579539600000,166.88,167.08,166.18,166.3,7882.27763,166.3
2020-01-20 20:00:00,1579543200000,166.27,166.91,166.12,166.5,9824.79431,166.5
2020-01-20 21:00:00,1579546800000,166.5,167.79,166.5,167.67,17770.59536,167.67
2020-01-20 22:00:00,1579550400000,167.66,167.87,166.88,167.32,8368.62189,167.32
2020-01-20 23:00:00,1579554000000,167.32,167.32,166.87,167.28,4856.45,167.28
2020-01-21 00:00:00,1579557600000,167.25,169.33,167.11,167.49,18744.7398,167.49
2020-01-21 01:00:00,1579561200000,167.49,168.0,166.6,166.87,23430.83609,166.87
2020-01-21 02:00:00,1579564800000,166.86,167.2,165.61,166.42,23336.26878,166.42
2020-01-21 03:00:00,1579568400000,166.42,167.12,166.33,167.06,4484.26973,167.06
2020-01-21 04:00:00,1579572000000,167.03,167.66,166.9,167.38,7316.74871,167.38
2020-01-21 05:00:00,1579575600000,167.37,168.4,167.25,168.3,8058.69642,168.3
2020-01-21 06:00:00,1579579200000,168.32,168.86,167.72,167.84,10444.64039,167.84
2020-01-21 07:00:00,1579582800000,167.84,167.9,166.69,167.15,9121.87428,167.15
2020-01-21 08:00:00,1579586400000,167.2,167.71,166.73,167.23,9279.56262,167.23
2020-01-21 09:00:00,1579590000000,167.25,167.37,166.17,166.53,16907.06864,166.53
2020-01-21 10:00:00,1579593600000,166.51,167.3,165.86,167.11,14073.84035,167.11
2020-01-21 11:00:00,1579597200000,167.08,168.06,166.57,166.76,9320.73068,166.76
2020-01-21 12:00:00,1579600800000,166.75,168.08,166.48,168.01,16523.02058,168.01
2020-01-21 13:00:00,1579604400000,168.01,168.7,167.45,167.93,19412.8668,167.93
2020-01-21 14:00:00,1579608000000,167.92,168.53,167.32,168.1,8312.91858,168.1
2020-01-21 15:00:00,1579611600000,168.09,169.25,167.9,168.88,11163.31966,168.88
2020-01-21 16:00:00,1579615200000,168.88,168.92,168.09,168.24,7205.19039,168.24
2020-01-21 17:00:00,1579618800000,168.25,169.05,167.88,168.1,8970.20405,168.1
2020-01-21 18:00:00,1579622400000,168.09,168.48,166.75,167.65,22621.85164,167.65
2020-01-21 19:00:00,1579626000000,167.66,167.93,167.24,167.71,8649.28443,167.71
2020-01-21 20:00:00,1579629600000,167.68,167.81,166.35,167.06,5755.78474,167.06
2020-01-21 21:00:00,1579633200000,167.05,167.45,164.8,165.12,21078.59424,165.12
2020-01-21 22:00:00,1579636800000,165.13,168.52,165.12,168.32,28342.58519,168.32
2020-01-21 23:00:00,1579640400000,168.33,170.32,168.33,169.14,24008.22847,169.14
2020-01-22 00:00:00,1579644000000,169.14,169.53,168.23,169.36,5352.14695,169.36
2020-01-22 01:00:00,1579647600000,169.36,169.85,168.83,169.49,8267.93898,169.49
2020-01-22 02:00:00,1579651200000,169.48,170.05,169.3,169.71,9174.59597,169.71
2020-01-22 03:00:00,1579654800000,169.71,169.75,168.75,169.09,8088.81975,169.09
2020-01-22 04:00:00,1579658400000,169.09,169.44,167.79,168.57,11284.64838,168.57
2020-01-22 05:00:00,1579662000000,168.56,169.46,168.23,168.69,7375.89394,168.69
2020-01-22 06:00:00,1579665600000,168.69,169.58,168.62,169.45,6011.34825,169.45
2020-01-22 07:00:00,1579669200000,169.44,169.47,168.84,168.96,6703.36893,168.96
2020-01-22 08:00:00,1579672800000,168.96,170.0,168.89,169.85,11666.48498,169.85
2020-01-22 09:00:00,1579676400000,169.85,171.47,168.96,169.2,47741.82397,169.2
2020-01-22 10:00:00,1579680000000,169.25,169.55,167.51,168.44,36850.25678,168.44
2020-01-22 11:00:00,1579683600000,168.46,169.12,167.91,168.99,13076.1728,168.99
2020-01-22 12:00:00,1579687200000,168.98,169.02,168.05,168.35,6900.86728,168.35
2020-01-22 13:00:00,1579690800000,168.36,168.45,167.31,168.0,12013.79072,168.0
2020-01-22 14:00:00,1579694400000,168.0,168.31,167.45,168.01,7136.83658,168.01
2020-01-22 15:00:00,1579698000000,168.01,168.02,166.03,166.43,16562.25189,166.43
2020-01-22 16:00:00,1579701600000,166.42,167.34,166.07,166.95,10664.2134,166.95
2020-01-22 17:00:00,1579705200000,166.92,167.91,166.72,167.42,7431.21739,167.42
2020-01-22 18:00:00,1579708800000,167.43,169.04,166.62,168.42,18784.9109,168.42
2020-01-22 19:00:00,1579712400000,168.4,168.88,167.59,168.36,6847.7147,168.36
2020-01-22 20:00:00,1579716000000,168.38,168.4,167.57,168.0,4515.96194,168.0
2020-01-22 21:00:00,1579719600000,167.99,168.29,167.32,168.0,6615.11272,168.0
2020-01-22 22:00:00,1579723200000,167.97,168.21,167.51,168.16,4455.61416,168.16
2020-01-22 23:00:00,1579726800000,168.16,168.23,167.76,167.91,2935.28651,167.91
2020-01-23 00:00:00,1579730400000,167.91,168.08,167.5,167.57,1979.17975,167.57
2020-01-23 01:00:00,1579734000000,167.56,168.22,167.5,168.07,7424.53117,168.07
2020-01-23 02:00:00,1579737600000,168.07,168.2,166.78,167.16,10752.4162,167.16
2020-01-23 03:00:00,1579741200000,167.21,167.45,164.72,164.92,24532.14593,164.92
2020-01-23 04:00:00,1579744800000,164.89,165.96,164.18,165.89,17920.45351,165.89
2020-01-23 05:00:00,1579748400000,165.91,166.14,165.4,165.44,15585.25543,165.44
2020-01-23 06:00:00,1579752000000,165.44,165.57,164.24,164.73,14830.80311,164.73
2020-01-23 07:00:00,1579755600000,164.72,164.73,162.71,163.97,29221.98591,163.97
2020-01-23 08:00:00,1579759200000,163.98,164.23,163.25,163.88,10065.62118,163.88
2020-01-23 09:00:00,1579762800000,163.89,165.31,163.35,164.88,17002.31759,164.88
2020-01-23 10:00:00,1579766400000,164.86,165.69,163.71,163.71,17155.65094,163.71
2020-01-23 11:00:00,1579770000000,163.71,163.9,163.0,163.48,19506.56137,163.48
2020-01-23 12:00:00,1579773600000,163.47,163.9,162.5,163.57,14254.17272,163.57
2020-01-23 13:00:00,1579777200000,163.57,163.57,162.59,162.7,11851.88862,162.7
2020-01-23 14:00:00,1579780800000,162.7,163.31,161.73,162.78,19007.63109,162.78
2020-01-23 15:00:00,1579784400000,162.77,162.78,161.08,161.61,17199.3251,161.61
2020-01-23 16:00:00,1579788000000,161.62,162.43,161.22,162.2,13446.35058,162.2
2020-01-23 17:00:00,1579791600000,162.2,163.9,161.98,163.15,14599.07101,163.15
2020-01-23 18:00:00,1579795200000,163.17,163.45,161.95,162.38,10950.00177,162.38
2020-01-23 19:00:00,1579798800000,162.37,163.47,161.2,161.74,11670.73364,161.74
2020-01-23 20:00:00,1579802400000,161.74,161.81,159.21,159.8,36873.66596,159.8
2020-01-23 21:00:00,1579806000000,159.79,160.91,159.45,160.63,8515.40484,160.63
2020-01-23 22:00:00,1579809600000,160.62,161.23,159.85,161.14,8510.53547,161.14
2020-01-23 23:00:00,1579813200000,161.07,163.28,160.94,162.51,14219.56328,162.51
2020-01-24 00:00:00,1579816800000,162.47,163.46,162.44,163.0,5517.24041,163.0
2020-01-24 01:00:00,1579820400000,163.01,163.22,161.74,162.81,10225.55419,162.81
2020-01-24 02:00:00,1579824000000,162.85,163.41,162.08,163.07,10385.48234,163.07
2020-01-24 03:00:00,1579827600000,163.07,163.42,161.33,161.36,16272.71618,161.36
2020-01-24 04:00:00,1579831200000,161.37,161.66,157.5,158.63,34607.59354,158.63
2020-01-24 05:00:00,1579834800000,158.64,159.88,158.28,158.99,11297.9605,158.99
2020-01-24 06:00:00,1579838400000,158.99,159.79,158.25,158.31,13151.99393,158.31
2020-01-24 07:00:00,1579842000000,158.31,159.59,158.29,159.41,9161.56945,159.41
2020-01-24 08:00:00,1579845600000,159.44,159.98,158.7,159.54,10456.77467,159.54
2020-01-24 09:00:00,1579849200000,159.53,159.84,158.45,159.25,10476.73612,159.25
2020-01-24 10:00:00,1579852800000,159.24,159.29,158.47,158.89,8896.55579,158.89
2020-01-24 11:00:00,1579856400000,158.89,159.14,155.73,156.14,40827.37679,156.14
2020-01-24 12:00:00,1579860000000,156.14,157.62,155.82,156.35,20072.29845,156.35
2020-01-24 13:00:00,1579863600000,156.36,161.02,155.55,160.63,42122.89274,160.63
2020-01-24 14:00:00,1579867200000,160.7,162.0,160.0,161.36,30145.13161,161.36
2020-01-24 15:00:00,1579870800000,161.36,161.96,160.0,161.73,18546.96954,161.73
2020-01-24 16:00:00,1579874400000,161.75,163.32,161.08,162.04,28046.45968,162.04
2020-01-24 17:00:00,1579878000000,162.07,162.95,161.21,162.62,20912.26593,162.62
2020-01-24 18:00:00,1579881600000,162.67,163.19,160.92,160.92,16777.839,160.92
2020-01-24 19:00:00,1579885200000,160.92,161.58,160.6,161.18,6921.86368,161.18
2020-01-24 20:00:00,1579888800000,161.17,162.5,161.15,161.77,14219.3967,161.77
2020-01-24 21:00:00,1579892400000,161.72,164.45,161.56,163.71,29294.20035,163.71
2020-01-24 22:00:00,1579896000000,163.7,164.37,162.59,163.35,12491.40754,163.35
2020-01-24 23:00:00,1579899600000,163.32,163.76,163.06,163.27,3981.63606,163.27
2020-01-25 00:00:00,1579903200000,163.25,163.38,162.0,163.07,11657.87288,163.07
2020-01-25 01:00:00,1579906800000,163.06,164.01,162.1,162.54,9288.20555,162.54
2020-01-25 02:00:00,1579910400000,162.51,162.58,158.02,158.63,40896.67428,158.63
2020-01-25 03:00:00,1579914000000,158.55,159.32,157.61,158.49,18874.47444,158.49
2020-01-25 04:00:00,1579917600000,158.58,159.47,158.3,159.24,5915.70171,159.24
2020-01-25 05:00:00,1579921200000,159.24,159.85,158.66,159.05,4150.93225,159.05
2020-01-25 06:00:00,1579924800000,159.0,160.61,158.65,159.42,6051.25171,159.42
2020-01-25 07:00:00,1579928400000,159.41,159.96,158.69,159.63,6419.2367,159.63
2020-01-25 08:00:00,1579932000000,159.64,160.22,159.35,159.42,5634.35544,159.42
2020-01-25 09:00:00,1579935600000,159.4,160.19,159.27,159.53,6234.67582,159.53
2020-01-25 10:00:00,1579939200000,159.53,161.52,159.36,161.22,16420.85998,161.22
2020-01-25 11:00:00,1579942800000,161.25,161.44,160.07,160.48,8741.64687,160.48
2020-01-25 12:00:00,1579946400000,160.49,160.9,158.8,159.45,11129.61488,159.45
2020-01-25 13:00:00,1579950000000,159.48,159.85,158.81,159.29,7330.02858,159.29
2020-01-25 14:00:00,1579953600000,159.3,159.77,158.78,158.83,5363.40148,158.83
2020-01-25 15:00:00,1579957200000,158.83,160.91,158.7,160.06,10134.1639,160.06
2020-01-25 16:00:00,1579960800000,160.12,161.0,160.0,160.01,5601.61484,160.01
2020-01-25 17:00:00,1579964400000,160.0,160.65,159.61,160.41,3916.49583,160.41
2020-01-25 18:00:00,1579968000000,160.43,161.6,160.0,161.04,10853.61254,161.04
2020-01-25 19:00:00,1579971600000,161.06,161.35,160.27,160.39,4774.52795,160.39
2020-01-25 20:00:00,1579975200000,160.39,160.96,159.95,160.6,2329.17731,160.6
2020-01-25 21:00:00,1579978800000,160.63,161.32,160.57,161.0,6817.20991,161.0
2020-01-25 22:00:00,1579982400000,161.0,161.29,160.72,161.19,5834.25026,161.19
2020-01-25 23:00:00,1579986000000,161.2,162.3,161.04,161.58,8882.22496,161.58
2020-01-26 00:00:00,1579989600000,161.61,162.79,161.0,161.1,9319.91668,161.1
2020-01-26 01:00:00,1579993200000,161.12,161.87,160.14,160.35,8295.60365,160.35
2020-01-26 02:00:00,1579996800000,160.36,160.55,159.41,160.12,10695.39271,160.12
2020-01-26 03:00:00,1580000400000,160.12,161.04,159.84,160.28,4942.68629,160.28
2020-01-26 04:00:00,1580004000000,160.28,160.29,159.61,159.64,4127.4248,159.64
2020-01-26 05:00:00,1580007600000,159.67,161.78,159.6,161.22,9505.92065,161.22
2020-01-26 06:00:00,1580011200000,161.22,161.22,160.46,160.86,4779.851,160.86
2020-01-26 07:00:00,1580014800000,160.87,161.69,160.76,161.0,4410.32714,161.0
2020-01-26 08:00:00,1580018400000,161.0,161.4,160.59,160.81,4986.46777,160.81
2020-01-26 09:00:00,1580022000000,160.82,161.38,160.61,161.23,3048.43461,161.23
2020-01-26 10:00:00,1580025600000,161.24,163.63,160.87,162.41,27876.63242,162.41
2020-01-26 11:00:00,1580029200000,162.4,163.0,161.8,162.37,7974.12981,162.37
2020-01-26 12:00:00,1580032800000,162.35,163.24,162.02,162.87,9591.06755,162.87
2020-01-26 13:00:00,1580036400000,162.86,163.45,162.54,163.14,11294.47941,163.14
2020-01-26 14:00:00,1580040000000,163.17,164.1,162.89,163.54,14448.74044,163.54
2020-01-26 15:00:00,1580043600000,163.57,163.94,162.78,163.31,9757.96616,163.31
2020-01-26 16:00:00,1580047200000,163.32,163.67,162.96,163.32,5727.13404,163.32
2020-01-26 17:00:00,1580050800000,163.31,164.0,162.96,163.37,6583.42992,163.37
2020-01-26 18:00:00,1580054400000,163.35,164.75,163.19,164.74,19525.95872,164.74
2020-01-26 19:00:00,1580058000000,164.74,167.05,164.5,166.44,28669.94959,166.44
2020-01-26 20:00:00,1580061600000,166.42,167.0,165.88,166.36,13140.27064,166.36
2020-01-26 21:00:00,1580065200000,166.4,166.5,165.8,166.18,9488.54302,166.18
2020-01-26 22:00:00,1580068800000,166.12,167.7,166.0,166.56,14758.82755,166.56
2020-01-26 23:00:00,1580072400000,166.57,167.7,166.51,167.22,6746.85793,167.22
2020-01-27 00:00:00,1580076000000,167.23,167.82,166.56,167.04,9306.8584,167.04
2020-01-27 01:00:00,1580079600000,167.05,168.08,166.91,167.86,10195.20701,167.86
2020-01-27 02:00:00,1580083200000,167.91,169.75,167.85,168.46,22549.31841,168.46
2020-01-27 03:00:00,1580086800000,168.45,169.54,168.17,168.26,10633.15336,168.26
2020-01-27 04:00:00,1580090400000,168.25,168.41,167.43,167.68,9836.92076,167.68
2020-01-27 05:00:00,1580094000000,167.68,167.95,167.38,167.7,8687.42047,167.7
2020-01-27 06:00:00,1580097600000,167.69,168.67,166.44,166.99,20449.12793,166.99
2020-01-27 07:00:00,1580101200000,166.99,167.6,166.39,167.1,8662.00235,167.1
2020-01-27 08:00:00,1580104800000,167.12,167.87,166.87,167.4,8080.63788,167.4
2020-01-27 09:00:00,1580108400000,167.39,167.59,167.03,167.32,6528.28513,167.32
2020-01-27 10:00:00,1580112000000,167.32,167.35,165.22,165.86,22098.27797,165.86
2020-01-27 11:00:00,1580115600000,165.82,166.71,165.37,166.5,9335.12997,166.5
2020-01-27 12:00:00,1580119200000,166.51,167.41,165.76,165.94,11596.14998,165.94
2020-01-27 13:00:00,1580122800000,165.99,168.9,165.8,168.6,22909.39727,168.6
2020-01-27 14:00:00,1580126400000,168.57,170.07,168.16,169.55,26134.13405,169.55
2020-01-27 15:00:00,1580130000000,169.58,170.9,168.76,169.1,21697.22355,169.1
2020-01-27 16:00:00,1580133600000,169.1,170.1,168.76,170.07,12920.67882,170.07
2020-01-27 17:00:00,1580137200000,170.06,170.78,169.53,170.03,16165.06544,170.03
2020-01-27 18:00:00,1580140800000,170.01,171.2,169.09,170.3,20596.94466,170.3
2020-01-27 19:00:00,1580144400000,170.3,171.24,169.42,169.7,13702.76996,169.7
2020-01-27 20:00:00,1580148000000,169.7,171.27,169.16,171.27,13803.57998,171.27
2020-01-27 21:00:00,1580151600000,171.25,172.56,170.26,171.2,35922.69229,171.2
2020-01-27 22:00:00,1580155200000,171.2,172.0,171.0,171.97,11944.18314,171.97
2020-01-27 23:00:00,1580158800000,171.99,172.04,170.64,171.59,12770.04315,171.59
2020-01-28 00:00:00,1580162400000,171.58,171.66,169.63,170.2,9153.37013,170.2
2020-01-28 01:00:00,1580166000000,170.2,170.85,169.88,170.08,9718.31252,170.08
2020-01-28 02:00:00,1580169600000,170.04,172.75,170.03,171.44,22419.0878,171.44
2020-01-28 03:00:00,1580173200000,171.44,174.0,171.44,173.41,30317.78399,173.41
2020-01-28 04:00:00,1580176800000,173.43,173.56,172.66,173.26,12813.64597,173.26
2020-01-28 05:00:00,1580180400000,173.26,173.31,172.1,173.12,10792.14222,173.12
2020-01-28 06:00:00,1580184000000,173.12,173.72,172.26,172.43,18242.83565,172.43
2020-01-28 07:00:00,1580187600000,172.41,172.75,171.22,172.14,15695.92268,172.14
2020-01-28 08:00:00,1580191200000,172.1,172.46,170.65,171.54,16541.23092,171.54
2020-01-28 09:00:00,1580194800000,171.55,172.98,171.24,172.0,24513.95345,172.0
2020-01-28 10:00:00,1580198400000,171.98,171.98,170.83,171.0,15399.47185,171.0
2020-01-28 11:00:00,1580202000000,171.03,171.49,170.54,170.7,13056.51904,170.7
2020-01-28 12:00:00,1580205600000,170.7,172.21,170.23,171.89,14347.61173,171.89
2020-01-28 13:00:00,1580209200000,171.88,173.13,171.44,171.95,19999.63103,171.95
2020-01-28 14:00:00,1580212800000,171.93,172.08,170.51,171.48,18734.31805,171.48
2020-01-28 15:00:00,1580216400000,171.51,172.57,171.16,172.0,19685.12818,172.0
2020-01-28 16:00:00,1580220000000,172.0,174.55,171.8,172.14,44363.82419,172.14
2020-01-28 17:00:00,1580223600000,172.14,173.06,170.64,172.35,46304.63722,172.35
2020-01-28 18:00:00,1580227200000,172.34,172.96,171.06,171.1,17444.90435,171.1
2020-01-28 19:00:00,1580230800000,171.11,171.53,170.04,171.03,17154.59569,171.03
2020-01-28 20:00:00,1580234400000,171.01,171.7,170.71,170.97,8056.98866,170.97
2020-01-28 21:00:00,1580238000000,170.95,171.86,170.6,171.23,8674.56377,171.23
2020-01-28 22:00:00,1580241600000,171.18,172.75,171.15,172.43,11613.80143,172.43
2020-01-28 23:00:00,1580245200000,172.44,174.01,171.95,171.95,13819.0884,171.95
2020-01-29 00:00:00,1580248800000,171.94,174.29,171.92,173.6,9552.85426,173.6
2020-01-29 01:00:00,1580252400000,173.58,176.2,173.19,175.64,43889.35556,175.64
2020-01-29 02:00:00,1580256000000,175.58,176.99,175.14,175.8,27001.99772,175.8
2020-01-29 03:00:00,1580259600000,175.8,177.56,175.76,176.89,20178.21516,176.89
2020-01-29 04:00:00,1580263200000,176.89,177.37,175.53,175.79,14554.50032,175.79
2020-01-29 05:00:00,1580266800000,175.83,176.8,175.79,176.47,12925.45673,176.47
2020-01-29 06:00:00,1580270400000,176.47,177.15,175.86,176.33,10791.60453,176.33
2020-01-29 07:00:00,1580274000000,176.33,177.06,176.22,176.8,9889.75386,176.8
2020-01-29 08:00:00,1580277600000,176.8,178.45,176.75,177.46,16085.55873,177.46
2020-01-29 09:00:00,1580281200000,177.42,178.3,176.82,178.08,19499.68598,178.08
2020-01-29 10:00:00,1580284800000,178.03,178.35,177.57,178.32,10069.03104,178.32
2020-01-29 11:00:00,1580288400000,178.33,178.35,176.05,176.39,14872.28059,176.39
2020-01-29 12:00:00,1580292000000,176.38,178.14,174.53,177.75,27430.24595,177.75
2020-01-29 13:00:00,1580295600000,177.77,177.92,175.0,176.17,19941.23853,176.17
2020-01-29 14:00:00,1580299200000,176.19,176.34,174.8,175.59,10141.33124,175.59
2020-01-29 15:00:00,1580302800000,175.59,176.54,175.01,175.83,11386.71179,175.83
2020-01-29 16:00:00,1580306400000,175.87,176.53,175.14,176.43,7457.11162,176.43
2020-01-29 17:00:00,1580310000000,176.43,176.49,174.93,175.09,11617.08476,175.09
2020-01-29 18:00:00,1580313600000,175.1,177.13,174.59,176.79,13267.92985,176.79
2020-01-29 19:00:00,1580317200000,176.79,176.9,175.91,176.1,8486.02958,176.1
2020-01-29 20:00:00,1580320800000,176.11,176.69,175.96,176.38,5377.8967,176.38
2020-01-29 21:00:00,1580324400000,176.38,176.92,175.63,176.63,8314.16931,176.63
2020-01-29 22:00:00,1580328000000,176.63,176.83,175.55,176.5,6439.49843,176.5
2020-01-29 23:00:00,1580331600000,176.46,177.24,175.49,176.11,12723.92116,176.11
2020-01-30 00:00:00,1580335200000,176.11,176.37,175.25,175.88,4909.02246,175.88
2020-01-30 01:00:00,1580338800000,175.85,176.11,173.33,173.72,14022.62557,173.72
2020-01-30 02:00:00,1580342400000,173.68,173.98,170.93,173.02,29183.3772,173.02
2020-01-30 03:00:00,1580346000000,173.0,174.0,171.87,173.85,9262.6969,173.85
2020-01-30 04:00:00,1580349600000,173.83,173.83,171.94,172.35,7666.79206,172.35
2020-01-30 05:00:00,1580353200000,172.34,173.49,172.27,173.44,6451.73253,173.44
2020-01-30 06:00:00,1580356800000,173.44,174.6,173.37,174.25,10408.54086,174.25
2020-01-30 07:00:00,1580360400000,174.27,174.5,173.62,173.85,12642.02063,173.85
2020-01-30 08:00:00,1580364000000,173.85,174.35,173.41,174.01,9231.28166,174.01
2020-01-30 09:00:00,1580367600000,174.01,176.55,174.01,176.09,19563.9123,176.09
2020-01-30 10:00:00,1580371200000,176.07,176.8,175.41,175.97,14018.82326,175.97
2020-01-30 11:00:00,1580374800000,175.96,176.63,174.83,175.83,11288.87302,175.83
2020-01-30 12:00:00,1580378400000,175.82,176.09,174.69,174.79,6040.39556,174.79
2020-01-30 13:00:00,1580382000000,174.78,175.45,174.3,175.27,8580.66868,175.27
2020-01-30 14:00:00,1580385600000,175.28,176.82,175.04,176.41,15939.06227,176.41
2020-01-30 15:00:00,1580389200000,176.41,177.66,175.94,177.08,15959.75108,177.08
2020-01-30 16:00:00,1580392800000,177.12,177.65,175.34,175.73,20915.52668,175.73
2020-01-30 17:00:00,1580396400000,175.75,177.64,175.55,177.63,15319.44322,177.63
2020-01-30 18:00:00,1580400000000,177.62,180.37,175.0,177.73,77546.37491,177.73
2020-01-30 19:00:00,1580403600000,177.75,180.45,177.74,179.58,41948.10765,179.58
2020-01-30 20:00:00,1580407200000,179.58,181.34,179.56,181.09,29467.46155,181.09
2020-01-30 21:00:00,1580410800000,181.1,182.24,180.34,181.5,21621.91784,181.5
2020-01-30 22:00:00,1580414400000,181.49,185.52,181.49,184.73,41626.25641,184.73
2020-01-30 23:00:00,1580418000000,184.73,185.3,183.33,185.16,14939.49321,185.16
2020-01-31 00:00:00,1580421600000,185.2,186.7,184.0,186.66,13712.49341,186.66
2020-01-31 01:00:00,1580425200000,186.67,187.0,182.97,184.69,24386.65801,184.69
2020-01-31 02:00:00,1580428800000,184.71,185.82,183.71,184.08,13526.16409,184.08
2020-01-31 03:00:00,1580432400000,184.09,185.1,183.2,183.99,13467.63477,183.99
2020-01-31 04:00:00,1580436000000,183.95,184.03,181.65,183.2,18210.03776,183.2
2020-01-31 05:00:00,1580439600000,183.22,184.31,183.07,183.42,13358.3441,183.42
2020-01-31 06:00:00,1580443200000,183.42,183.67,181.7,182.29,15827.6395,182.29
2020-01-31 07:00:00,1580446800000,182.27,182.73,180.52,181.26,18830.2647,181.26
2020-01-31 08:00:00,1580450400000,181.24,183.51,180.86,183.22,12884.39216,183.22
2020-01-31 09:00:00,1580454000000,183.16,183.26,181.78,182.48,9898.24691,182.48
2020-01-31 10:00:00,1580457600000,182.47,183.15,181.33,182.75,10769.06119,182.75
2020-01-31 11:00:00,1580461200000,182.74,183.58,181.95,182.21,12933.95153,182.21
2020-01-31 12:00:00,1580464800000,182.21,182.69,180.25,181.62,24593.03829,181.62
2020-01-31 13:00:00,1580468400000,181.62,181.62,180.44,180.9,14607.79198,180.9
2020-01-31 14:00:00,1580472000000,180.86,180.88,176.5,178.01,50417.38271,178.01
2020-01-31 15:00:00,1580475600000,178.01,178.87,175.22,178.23,34355.5666,178.23
2020-01-31 16:00:00,1580479200000,178.28,178.95,176.36,177.93,16454.06275,177.93
2020-01-31 17:00:00,1580482800000,177.9,180.05,177.73,180.04,16194.46569,180.04
2020-01-31 18:00:00,1580486400000,180.01,180.63,177.53,178.48,22298.20605,178.48
2020-01-31 19:00:00,1580490000000,178.49,178.97,177.9,178.43,10234.72677,178.43
2020-01-31 20:00:00,1580493600000,178.42,179.49,178.27,179.47,8830.98685,179.47
2020-01-31 21:00:00,1580497200000,179.47,179.95,179.05,179.41,8042.88543,179.41
2020-01-31 22:00:00,1580500800000,179.41,180.91,179.21,180.5,14070.27204,180.5
2020-01-31 23:00:00,1580504400000,180.49,181.2,180.15,180.95,6823.9472,180.95
2020-02-01 00:00:00,1580508000000,181.01,182.44,180.68,181.88,8290.36991,181.88
